{
  "project_info": {
    "project_number": "725279127751",
    "firebase_url": "https://chattest-1a9f3.firebaseio.com",
    "project_id": "chattest-1a9f3",
    "storage_bucket": "chattest-1a9f3.appspot.com"
  },
  "client": [
    {
      "client_info": {
        "mobilesdk_app_id": "1:725279127751:android:c2e31152fce430445226e2",
        "android_client_info": {
          "package_name": "ChatHN.com"
        }
      },
      "oauth_client": [
        {
          "client_id": "725279127751-3ird5pou1rhp2ptbkpahf23ij1b59bu8.apps.googleusercontent.com",
          "client_type": 3
        }
      ],
      "api_key": [
        {
          "current_key": "AIzaSyAN047tJh1fIai_A-m8JdcYIwptmfWKnrk"
        }
      ],
      "services": {
        "appinvite_service": {
          "other_platform_oauth_client": [
            {
              "client_id": "725279127751-3ird5pou1rhp2ptbkpahf23ij1b59bu8.apps.googleusercontent.com",
              "client_type": 3
            }
          ]
        }
      }
    }
  ],
  "configuration_version": "1"
}